Country,AverageTemperature
"Djibouti",29.77148780487805
"Mali",29.343420731707315
"United Arab Emirates",29.129737804878047
"Burkina Faso",28.935993902439023
"Senegal",28.823158536585368
"Aruba",28.668829268292683
"Mauritania",28.60914634146341
"Niger",28.41631097560976
"Gambia",28.367670731707317
"Qatar",28.22759756097561
