Country,AverageTemperature
"Greenland",-16.840560975609755
"Denmark",-16.318353658536587
"Svalbard And Jan Mayen",-5.647646341463414
"Russia",-3.948908536585366
"Canada",-3.518830303030303
"Mongolia",0.628609756097561
"Norway",1.443219512195122
"South Georgia And The South Sandwich Isla",2.1303048780487805
"Iceland",2.5643780487804877
"Finland",2.721012195121951
